DATA,ESTADO,CIDADE,CASOS CONFIRMADOS,ÓBITOS,POPULAÇÃO ESTIMADA,LETALIDADE
9/22/2021,PR,Abatiá,1121,20,7408,1.78
9/22/2021,PR,Adrianópolis,1413,29,5857,2.05
9/22/2021,PR,Agudos do Sul,767,30,9470,3.91
9/22/2021,PR,Almirante Tamandaré,11043,426,120041,3.86
9/22/2021,PR,Altamira do Paraná,281,12,1682,4.27
9/22/2021,PR,Altônia,1580,41,22176,2.59
9/22/2021,PR,Alto Paraíso,372,9,2685,2.42
9/22/2021,PR,Alto Paraná,1291,26,14859,2.01
9/22/2021,PR,Alto Piquiri,1115,27,9778,2.42
9/22/2021,PR,Alvorada do Sul,864,31,11503,3.59
9/22/2021,PR,Amaporã,465,8,6332,1.72
9/22/2021,PR,Ampére,2539,58,19311,2.28
9/22/2021,PR,Anahy,408,10,2788,2.45
9/22/2021,PR,Andirá,2653,89,19926,3.35
9/22/2021,PR,Ângulo,381,7,2930,1.84
9/22/2021,PR,Antonina,2586,73,18949,2.82
9/22/2021,PR,Antônio Olinto,559,15,7427,2.68
9/22/2021,PR,Apucarana,10999,464,136234,4.22
9/22/2021,PR,Arapongas,14355,577,124810,4.02
9/22/2021,PR,Arapoti,3257,66,28300,2.03
9/22/2021,PR,Arapuã,318,7,3009,2.2
9/22/2021,PR,Araruna,2175,37,14000,1.7
9/22/2021,PR,Araucária,29053,521,146214,1.79
9/22/2021,PR,Ariranha do Ivaí,179,4,2066,2.23
9/22/2021,PR,Assaí,1554,54,14954,3.47
9/22/2021,PR,Assis Chateaubriand,5285,125,33340,2.37
9/22/2021,PR,Astorga,3618,91,26209,2.52
9/22/2021,PR,Atalaia,447,23,3881,5.15
9/22/2021,PR,Balsa Nova,1737,35,13092,2.01
9/22/2021,PR,Bandeirantes,5360,144,31211,2.69
9/22/2021,PR,Barbosa Ferraz,1336,41,11426,3.07
9/22/2021,PR,Barracão,1349,35,10312,2.59
9/22/2021,PR,Barra do Jacaré,270,7,2781,2.59
9/22/2021,PR,Bela Vista da Caroba,199,7,3457,3.52
9/22/2021,PR,Bela Vista do Paraíso,2167,75,15399,3.46
9/22/2021,PR,Bituruna,1434,21,16400,1.46
9/22/2021,PR,Boa Esperança,494,17,4047,3.44
9/22/2021,PR,Boa Esperança do Iguaçu,189,0,2470,0
9/22/2021,PR,Boa Ventura de São Roque,568,8,6365,1.41
9/22/2021,PR,Boa Vista da Aparecida,1114,34,7540,3.05
9/22/2021,PR,Bocaiúva do Sul,2204,28,13129,1.27
9/22/2021,PR,Bom Jesus do Sul,507,6,3506,1.18
9/22/2021,PR,Bom Sucesso,1312,20,7068,1.52
9/22/2021,PR,Bom Sucesso do Sul,530,9,3254,1.7
9/22/2021,PR,Borrazópolis,930,30,6439,3.23
9/22/2021,PR,Braganey,621,8,5382,1.29
9/22/2021,PR,Brasilândia do Sul,426,10,2585,2.35
9/22/2021,PR,Cafeara,439,11,2954,2.51
9/22/2021,PR,Cafelândia,2770,35,18456,1.26
9/22/2021,PR,Cafezal do Sul,458,7,4009,1.53
9/22/2021,PR,Califórnia,1315,39,8606,2.97
9/22/2021,PR,Cambará,3083,65,25466,2.11
9/22/2021,PR,Cambé,13402,328,107341,2.45
9/22/2021,PR,Cambira,1146,26,7917,2.27
9/22/2021,PR,Campina da Lagoa,1772,61,14043,3.44
9/22/2021,PR,Campina do Simão,411,16,3859,3.89
9/22/2021,PR,Campina Grande do Sul,5863,164,43685,2.8
9/22/2021,PR,Campo Bonito,438,12,3763,2.74
9/22/2021,PR,Campo do Tenente,363,19,8045,5.23
9/22/2021,PR,Campo Largo,20113,498,133865,2.48
9/22/2021,PR,Campo Magro,3535,87,29740,2.46
9/22/2021,PR,Campo Mourão,15333,329,95488,2.15
9/22/2021,PR,Cândido de Abreu,1335,18,14809,1.35
9/22/2021,PR,Candói,1564,33,16053,2.11
9/22/2021,PR,Cantagalo,1149,28,13329,2.44
9/22/2021,PR,Capanema,2672,28,19148,1.05
9/22/2021,PR,Capitão Leônidas Marques,1887,31,15834,1.64
9/22/2021,PR,Carambeí,3669,66,23825,1.8
9/22/2021,PR,Carlópolis,796,29,14356,3.64
9/22/2021,PR,Cascavel,46785,1022,332333,2.18
9/22/2021,PR,Castro,11787,250,71809,2.12
9/22/2021,PR,Catanduvas,1054,21,10167,1.99
9/22/2021,PR,Centenário do Sul,1225,34,10764,2.78
9/22/2021,PR,Cerro Azul,1478,50,17833,3.38
9/22/2021,PR,Céu Azul,1575,29,11819,1.84
9/22/2021,PR,Chopinzinho,2634,49,19167,1.86
9/22/2021,PR,Cianorte,9879,179,83816,1.81
9/22/2021,PR,Cidade Gaúcha,1912,33,12797,1.73
9/22/2021,PR,Clevelândia,2210,88,16450,3.98
9/22/2021,PR,Colombo,26026,859,246540,3.3
9/22/2021,PR,Colorado,2962,66,24145,2.23
9/22/2021,PR,Congonhinhas,1133,28,8857,2.47
9/22/2021,PR,Conselheiro Mairinck,744,17,3876,2.28
9/22/2021,PR,Contenda,2599,68,18837,2.62
9/22/2021,PR,Corbélia,2790,42,17117,1.51
9/22/2021,PR,Cornélio Procópio,7443,159,47842,2.14
9/22/2021,PR,Coronel Domingos Soares,1227,18,7518,1.47
9/22/2021,PR,Coronel Vivida,3324,84,20580,2.53
9/22/2021,PR,Corumbataí do Sul,397,8,3127,2.02
9/22/2021,PR,Cruzeiro do Iguaçu,502,14,4240,2.79
9/22/2021,PR,Cruzeiro do Oeste,3127,85,20947,2.72
9/22/2021,PR,Cruzeiro do Sul,515,12,4449,2.33
9/22/2021,PR,Cruz Machado,1211,22,18741,1.82
9/22/2021,PR,Cruzmaltina,356,7,2921,1.97
9/22/2021,PR,Curitiba,216518,7457,1948626,3.44
9/22/2021,PR,Curiúva,1344,29,15196,2.16
9/22/2021,PR,Diamante D'Oeste,656,19,5266,2.9
9/22/2021,PR,Diamante do Norte,378,15,5030,3.97
9/22/2021,PR,Diamante do Sul,510,14,3424,2.75
9/22/2021,PR,Dois Vizinhos,6886,98,41038,1.42
9/22/2021,PR,Douradina,974,11,8869,1.13
9/22/2021,PR,Doutor Camargo,677,17,5983,2.51
9/22/2021,PR,Doutor Ulysses,363,8,5552,2.2
9/22/2021,PR,Enéas Marques,750,17,5933,2.27
9/22/2021,PR,Engenheiro Beltrão,1592,29,13981,1.82
9/22/2021,PR,Entre Rios do Oeste,472,6,4596,1.27
9/22/2021,PR,Esperança Nova,310,8,1665,2.58
9/22/2021,PR,Espigão Alto do Iguaçu,443,6,4048,1.35
9/22/2021,PR,Farol,194,7,3041,3.61
9/22/2021,PR,Faxinal,2401,72,17316,3
9/22/2021,PR,Fazenda Rio Grande,16243,457,102004,2.81
9/22/2021,PR,Fênix,430,8,4748,1.86
9/22/2021,PR,Fernandes Pinheiro,581,13,5602,2.24
9/22/2021,PR,Figueira,914,27,7696,2.95
9/22/2021,PR,Floraí,656,12,4906,1.83
9/22/2021,PR,Flor da Serra do Sul,627,25,4603,3.99
9/22/2021,PR,Floresta,1146,22,6851,1.92
9/22/2021,PR,Florestópolis,1440,33,10453,2.29
9/22/2021,PR,Flórida,316,12,2699,3.8
9/22/2021,PR,Formosa do Oeste,708,22,6460,3.11
9/22/2021,PR,Foz do Iguaçu,44196,1168,258248,2.64
9/22/2021,PR,Foz do Jordão,572,16,4556,2.8
9/22/2021,PR,Francisco Alves,501,6,5993,1.2
9/22/2021,PR,Francisco Beltrão,16323,275,92216,1.68
9/22/2021,PR,General Carneiro,550,35,13685,6.36
9/22/2021,PR,Godoy Moreira,227,4,2898,1.76
9/22/2021,PR,Goioerê,2084,72,28808,3.45
9/22/2021,PR,Goioxim,420,5,7053,1.19
9/22/2021,PR,Grandes Rios,647,18,5497,2.78
9/22/2021,PR,Guaíra,3905,99,33310,2.54
9/22/2021,PR,Guairaçá,442,12,6609,2.71
9/22/2021,PR,Guamiranga,1227,20,8811,1.63
9/22/2021,PR,Guapirama,633,8,3784,1.26
9/22/2021,PR,Guaporema,252,4,2241,1.59
9/22/2021,PR,Guaraci,622,9,5530,1.45
9/22/2021,PR,Guaraniaçu,1611,28,12217,1.74
9/22/2021,PR,Guarapuava,22533,601,182644,2.67
9/22/2021,PR,Guaraqueçaba,749,19,7594,2.54
9/22/2021,PR,Guaratuba,5210,183,37527,3.51
9/22/2021,PR,Honório Serpa,611,11,5119,1.8
9/22/2021,PR,Ibaiti,4017,146,31644,3.63
9/22/2021,PR,Ibema,543,25,6370,4.6
9/22/2021,PR,Ibiporã,7403,172,55131,2.32
9/22/2021,PR,Icaraíma,935,16,7786,1.71
9/22/2021,PR,Iguaraçu,621,23,4440,3.7
9/22/2021,PR,Iguatu,317,10,2253,3.15
9/22/2021,PR,Imbaú,2006,58,13282,2.89
9/22/2021,PR,Imbituva,4828,112,32940,2.32
9/22/2021,PR,Importados/Indefinidos,6104,217,,3.56
9/22/2021,PR,Inácio Martins,1294,19,11121,1.47
9/22/2021,PR,Inajá,392,10,3116,2.55
9/22/2021,PR,Indianópolis,964,12,4465,1.24
9/22/2021,PR,Ipiranga,1333,32,15251,2.4
9/22/2021,PR,Iporã,1775,15,13782,0.85
9/22/2021,PR,Iracema do Oeste,238,4,2251,1.68
9/22/2021,PR,Irati,8719,185,61088,2.12
9/22/2021,PR,Iretama,1089,21,10098,1.93
9/22/2021,PR,Itaguajé,341,9,4446,2.64
9/22/2021,PR,Itaipulândia,1498,22,11385,1.47
9/22/2021,PR,Itambaracá,894,19,6549,2.13
9/22/2021,PR,Itambé,777,36,6109,4.63
9/22/2021,PR,Itapejara d'Oeste,2096,44,12094,2.1
9/22/2021,PR,Itaperuçu,3924,121,29070,3.08
9/22/2021,PR,Itaúna do Sul,281,5,2781,1.78
9/22/2021,PR,Ivaí,1117,24,13965,2.15
9/22/2021,PR,Ivaiporã,3800,93,31935,2.45
9/22/2021,PR,Ivaté,626,4,8240,0.64
9/22/2021,PR,Ivatuba,292,12,3279,4.11
9/22/2021,PR,Jaboti,578,14,5303,2.42
9/22/2021,PR,Jacarezinho,6183,105,39322,1.7
9/22/2021,PR,Jaguapitã,2073,54,13742,2.6
9/22/2021,PR,Jaguariaíva,4805,152,35027,3.16
9/22/2021,PR,Jandaia do Sul,3066,84,21230,2.74
9/22/2021,PR,Janiópolis,514,19,5095,3.7
9/22/2021,PR,Japira,634,12,4930,1.89
9/22/2021,PR,Japurá,1224,17,9500,1.39
9/22/2021,PR,Jardim Alegre,1040,32,11196,3.08
9/22/2021,PR,Jardim Olinda,70,2,1320,2.86
9/22/2021,PR,Jataizinho,1849,40,12638,2.16
9/22/2021,PR,Jesuítas,1070,20,8330,1.87
9/22/2021,PR,Joaquim Távora,2044,52,12009,2.54
9/22/2021,PR,Jundiaí do Sul,183,7,3269,3.83
9/22/2021,PR,Juranda,1058,31,7292,2.93
9/22/2021,PR,Jussara,730,6,7041,0.82
9/22/2021,PR,Kaloré,1273,27,4047,2.12
9/22/2021,PR,Lapa,4797,130,48410,2.71
9/22/2021,PR,Laranjal,409,13,5784,3.18
9/22/2021,PR,Laranjeiras do Sul,2741,87,32139,3.17
9/22/2021,PR,Leópolis,471,11,3925,2.34
9/22/2021,PR,Lidianópolis,429,8,3231,1.86
9/22/2021,PR,Lindoeste,549,9,4592,1.64
9/22/2021,PR,Loanda,3284,52,23242,1.58
9/22/2021,PR,Lobato,561,14,4819,2.5
9/22/2021,PR,Londrina,89527,2038,575377,2.28
9/22/2021,PR,Luiziana,789,14,7240,1.77
9/22/2021,PR,Lunardelli,564,7,4744,1.24
9/22/2021,PR,Lupionópolis,375,20,4945,5.33
9/22/2021,PR,Mallet,812,14,13663,1.72
9/22/2021,PR,Mamborê,1407,27,13014,1.92
9/22/2021,PR,Mandaguaçu,4063,82,23100,2.02
9/22/2021,PR,Mandaguari,5021,124,34515,2.47
9/22/2021,PR,Mandirituba,3532,92,27315,2.6
9/22/2021,PR,Manfrinópolis,237,5,2506,2.11
9/22/2021,PR,Mangueirinha,2147,52,16642,2.42
9/22/2021,PR,Manoel Ribas,1561,29,13510,1.86
9/22/2021,PR,Marechal Cândido Rondon,7108,143,53495,2.01
9/22/2021,PR,Maria Helena,556,4,5634,0.72
9/22/2021,PR,Marialva,6163,129,35804,2.09
9/22/2021,PR,Marilândia do Sul,1195,41,8814,3.43
9/22/2021,PR,Marilena,722,18,7084,2.49
9/22/2021,PR,Mariluz,1487,50,10336,3.36
9/22/2021,PR,Maringá,62482,1571,430157,2.51
9/22/2021,PR,Mariópolis,733,24,6632,3.27
9/22/2021,PR,Maripá,739,19,5582,2.57
9/22/2021,PR,Marmeleiro,2304,44,14387,1.91
9/22/2021,PR,Marquinho,372,8,4340,2.15
9/22/2021,PR,Marumbi,698,11,4677,1.58
9/22/2021,PR,Matelândia,2950,66,18107,2.24
9/22/2021,PR,Matinhos,3823,142,35219,3.71
9/22/2021,PR,Mato Rico,168,4,3206,2.38
9/22/2021,PR,Mauá da Serra,1243,24,10800,1.93
9/22/2021,PR,Medianeira,7911,141,46574,1.78
9/22/2021,PR,Mercedes,570,8,5577,1.4
9/22/2021,PR,Mirador,232,3,2196,1.29
9/22/2021,PR,Miraselva,245,6,1796,2.45
9/22/2021,PR,Missal,1238,20,10704,1.62
9/22/2021,PR,Moreira Sales,1078,35,12042,3.25
9/22/2021,PR,Morretes,2235,57,16446,2.55
9/22/2021,PR,Munhoz de Melo,504,9,4009,1.79
9/22/2021,PR,Nossa Senhora das Graças,616,10,4008,1.62
9/22/2021,PR,Nova Aliança do Ivaí,148,2,1551,1.35
9/22/2021,PR,Nova América da Colina,436,8,3434,1.83
9/22/2021,PR,Nova Aurora,1637,35,10299,2.14
9/22/2021,PR,Nova Cantu,802,20,5061,2.49
9/22/2021,PR,Nova Esperança,2429,83,27984,3.42
9/22/2021,PR,Nova Esperança do Sudoeste,642,11,5030,1.71
9/22/2021,PR,Nova Fátima,681,13,8136,1.91
9/22/2021,PR,Nova Laranjeiras,932,11,11507,1.18
9/22/2021,PR,Nova Londrina,1745,31,13200,1.78
9/22/2021,PR,Nova Olímpia,710,19,5826,2.68
9/22/2021,PR,Nova Prata do Iguaçu,1252,23,10544,1.84
9/22/2021,PR,Nova Santa Bárbara,590,20,4277,3.39
9/22/2021,PR,Nova Santa Rosa,1028,15,8266,1.46
9/22/2021,PR,Nova Tebas,572,17,5448,2.97
9/22/2021,PR,Novo Itacolomi,310,7,2840,2.26
9/22/2021,PR,Ortigueira,2299,46,21960,2
9/22/2021,PR,Ourizona,341,12,3425,3.52
9/22/2021,PR,Ouro Verde do Oeste,986,31,6016,3.14
9/22/2021,PR,Paiçandu,5225,132,41773,2.53
9/22/2021,PR,Palmas,6866,164,51755,2.39
9/22/2021,PR,Palmeira,4206,93,33994,2.21
9/22/2021,PR,Palmital,1387,36,12960,2.6
9/22/2021,PR,Palotina,6221,90,32121,1.45
9/22/2021,PR,Paraíso do Norte,2234,46,14023,2.06
9/22/2021,PR,Paranacity,1014,24,11580,2.37
9/22/2021,PR,Paranaguá,23599,560,156174,2.37
9/22/2021,PR,Paranapoema,247,3,3241,1.21
9/22/2021,PR,Paranavaí,11704,289,88922,2.47
9/22/2021,PR,Pato Bragado,610,11,5684,1.8
9/22/2021,PR,Pato Branco,13492,297,83843,2.2
9/22/2021,PR,Paula Freitas,632,16,5908,2.53
9/22/2021,PR,Paulo Frontin,408,2,7387,0.49
9/22/2021,PR,Peabiru,1665,39,14007,2.34
9/22/2021,PR,Perobal,962,6,6160,0.62
9/22/2021,PR,Pérola,1498,31,11321,2.07
9/22/2021,PR,Pérola d'Oeste,517,8,6288,1.55
9/22/2021,PR,Piên,1885,31,12882,1.64
9/22/2021,PR,Pinhais,19128,595,133490,3.11
9/22/2021,PR,Pinhalão,869,21,6324,2.42
9/22/2021,PR,Pinhal de São Bento,196,1,2737,0.51
9/22/2021,PR,Pinhão,2346,83,32559,3.54
9/22/2021,PR,Piraí do Sul,3350,83,25617,2.48
9/22/2021,PR,Piraquara,13754,340,114970,2.47
9/22/2021,PR,Pitanga,3632,52,29994,1.43
9/22/2021,PR,Pitangueiras,470,9,3262,1.91
9/22/2021,PR,Planaltina do Paraná,443,7,4272,1.58
9/22/2021,PR,Planalto,1267,19,13431,1.5
9/22/2021,PR,Ponta Grossa,48900,1271,355336,2.6
9/22/2021,PR,Pontal do Paraná,3599,124,27915,3.45
9/22/2021,PR,Porecatu,1735,49,12748,2.82
9/22/2021,PR,Porto Amazonas,514,20,4874,3.89
9/22/2021,PR,Porto Barreiro,309,4,3184,1.29
9/22/2021,PR,Porto Rico,447,5,2556,1.12
9/22/2021,PR,Porto Vitória,135,5,4061,3.7
9/22/2021,PR,Prado Ferreira,106,17,3780,16.04
9/22/2021,PR,Pranchita,644,8,5095,1.24
9/22/2021,PR,Presidente Castelo Branco,667,11,5351,1.65
9/22/2021,PR,Primeiro de Maio,647,29,11130,4.48
9/22/2021,PR,Prudentópolis,3654,106,52513,2.9
9/22/2021,PR,Quarto Centenário,295,5,4465,1.69
9/22/2021,PR,Quatiguá,1533,31,7477,2.02
9/22/2021,PR,Quatro Barras,3689,101,23911,2.74
9/22/2021,PR,Quatro Pontes,718,8,4029,1.11
9/22/2021,PR,Quedas do Iguaçu,3670,78,34409,2.13
9/22/2021,PR,Querência do Norte,1273,8,12232,0.63
9/22/2021,PR,Quinta do Sol,609,9,4508,1.48
9/22/2021,PR,Quitandinha,1715,58,19221,3.38
9/22/2021,PR,Ramilândia,475,12,4476,2.53
9/22/2021,PR,Rancho Alegre,449,4,3784,0.89
9/22/2021,PR,Rancho Alegre D'Oeste,294,8,2628,2.72
9/22/2021,PR,Realeza,2472,37,16950,1.5
9/22/2021,PR,Rebouças,1842,40,14946,2.17
9/22/2021,PR,Renascença,824,22,6787,2.67
9/22/2021,PR,Reserva,3362,79,26825,2.35
9/22/2021,PR,Reserva do Iguaçu,668,9,8069,1.35
9/22/2021,PR,Ribeirão Claro,1283,21,10645,1.64
9/22/2021,PR,Ribeirão do Pinhal,1645,48,12948,2.92
9/22/2021,PR,Rio Azul,1392,23,15336,1.65
9/22/2021,PR,Rio Bom,374,13,3182,3.48
9/22/2021,PR,Rio Bonito do Iguaçu,967,11,13255,1.14
9/22/2021,PR,Rio Branco do Ivaí,368,13,4109,3.53
9/22/2021,PR,Rio Branco do Sul,5693,157,32517,2.76
9/22/2021,PR,Rio Negro,2238,70,34411,3.13
9/22/2021,PR,Rolândia,9248,252,67383,2.72
9/22/2021,PR,Roncador,1189,19,9645,1.6
9/22/2021,PR,Rondon,1139,19,9622,1.67
9/22/2021,PR,Rosário do Ivaí,601,9,4689,1.5
9/22/2021,PR,Sabáudia,1325,24,6891,1.81
9/22/2021,PR,Salgado Filho,484,11,3483,2.27
9/22/2021,PR,Salto do Itararé,984,37,4898,3.76
9/22/2021,PR,Salto do Lontra,1567,25,14872,1.6
9/22/2021,PR,Santa Amélia,498,11,3266,2.21
9/22/2021,PR,Santa Cecília do Pavão,472,11,3293,2.33
9/22/2021,PR,Santa Cruz de Monte Castelo,1041,19,7751,1.83
9/22/2021,PR,Santa Fé,984,45,12186,4.57
9/22/2021,PR,Santa Helena,3733,85,26767,2.28
9/22/2021,PR,Santa Inês,178,3,1594,1.69
9/22/2021,PR,Santa Isabel do Ivaí,1513,27,8523,1.78
9/22/2021,PR,Santa Izabel do Oeste,1269,33,14794,2.6
9/22/2021,PR,Santa Lúcia,262,7,3793,2.67
9/22/2021,PR,Santa Maria do Oeste,875,27,9410,3.09
9/22/2021,PR,Santa Mariana,1443,53,11622,3.67
9/22/2021,PR,Santa Mônica,379,12,4017,3.17
9/22/2021,PR,Santana do Itararé,906,29,4954,3.2
9/22/2021,PR,Santa Tereza do Oeste,1292,33,10096,2.55
9/22/2021,PR,Santa Terezinha de Itaipu,3346,104,23699,3.11
9/22/2021,PR,Santo Antônio da Platina,6623,145,46251,2.19
9/22/2021,PR,Santo Antônio do Caiuá,205,8,2626,3.9
9/22/2021,PR,Santo Antônio do Paraíso,294,3,2068,1.02
9/22/2021,PR,Santo Antônio do Sudoeste,2267,30,20261,1.32
9/22/2021,PR,Santo Inácio,563,15,5416,2.66
9/22/2021,PR,São Carlos do Ivaí,1077,19,6920,1.76
9/22/2021,PR,São Jerônimo da Serra,786,30,11128,3.82
9/22/2021,PR,São João,1590,24,10181,1.51
9/22/2021,PR,São João do Caiuá,542,12,5837,2.21
9/22/2021,PR,São João do Ivaí,1348,26,10056,1.93
9/22/2021,PR,São João do Triunfo,745,9,15241,1.21
9/22/2021,PR,São Jorge d'Oeste,1495,32,9028,2.14
9/22/2021,PR,São Jorge do Ivaí,791,15,5543,1.9
9/22/2021,PR,São Jorge do Patrocínio,976,7,5586,0.72
9/22/2021,PR,São José da Boa Vista,660,24,6160,3.64
9/22/2021,PR,São José das Palmeiras,451,12,3627,2.66
9/22/2021,PR,São José dos Pinhais,33682,1080,329058,3.21
9/22/2021,PR,São Manoel do Paraná,210,2,2163,0.95
9/22/2021,PR,São Mateus do Sul,4306,84,46705,1.95
9/22/2021,PR,São Miguel do Iguaçu,3486,74,27576,2.12
9/22/2021,PR,São Pedro do Iguaçu,702,18,5820,2.56
9/22/2021,PR,São Pedro do Ivaí,1387,49,11046,3.53
9/22/2021,PR,São Pedro do Paraná,231,1,2289,0.43
9/22/2021,PR,São Sebastião da Amoreira,916,27,8859,2.95
9/22/2021,PR,São Tomé,720,5,5750,0.69
9/22/2021,PR,Sapopema,769,18,6722,2.34
9/22/2021,PR,Sarandi,12723,318,97803,2.5
9/22/2021,PR,Saudade do Iguaçu,857,15,5539,1.75
9/22/2021,PR,Sengés,2511,61,19385,2.43
9/22/2021,PR,Serranópolis do Iguaçu,622,12,4477,1.93
9/22/2021,PR,Sertaneja,717,16,5216,2.23
9/22/2021,PR,Sertanópolis,2807,45,16413,1.6
9/22/2021,PR,Siqueira Campos,3652,79,21249,2.16
9/22/2021,PR,Sulina,388,7,2930,1.8
9/22/2021,PR,Tamarana,1161,37,15040,3.19
9/22/2021,PR,Tamboara,567,12,5158,2.12
9/22/2021,PR,Tapejara,2072,36,16345,1.74
9/22/2021,PR,Tapira,615,12,5495,1.95
9/22/2021,PR,Teixeira Soares,860,15,12567,1.74
9/22/2021,PR,Telêmaco Borba,17463,383,79792,2.19
9/22/2021,PR,Terra Boa,2552,55,17200,2.16
9/22/2021,PR,Terra Rica,1014,26,16924,2.56
9/22/2021,PR,Terra Roxa,2185,40,17522,1.83
9/22/2021,PR,Tibagi,2656,85,20607,3.2
9/22/2021,PR,Tijucas do Sul,2194,75,17084,3.42
9/22/2021,PR,Toledo,26601,450,142645,1.69
9/22/2021,PR,Tomazina,837,27,7807,3.23
9/22/2021,PR,Três Barras do Paraná,1422,51,12038,3.59
9/22/2021,PR,Tunas do Paraná,791,22,9022,2.78
9/22/2021,PR,Tuneiras do Oeste,1063,23,8533,2.16
9/22/2021,PR,Tupãssi,891,22,8109,2.47
9/22/2021,PR,Turvo,2562,35,13095,1.37
9/22/2021,PR,Ubiratã,2055,88,20909,4.28
9/22/2021,PR,Umuarama,17978,316,112500,1.76
9/22/2021,PR,União da Vitória,7474,133,57913,1.78
9/22/2021,PR,Uniflor,119,4,2614,3.36
9/22/2021,PR,Uraí,732,30,11273,4.1
9/22/2021,PR,Ventania,1190,41,12088,3.45
9/22/2021,PR,Vera Cruz do Oeste,1206,47,8454,3.9
9/22/2021,PR,Verê,1149,23,7174,2
9/22/2021,PR,Virmond,339,6,4022,1.77
9/22/2021,PR,Vitorino,1098,37,6859,3.37
9/22/2021,PR,Wenceslau Braz,2263,82,19386,3.62
9/22/2021,PR,Xambrê,604,7,5630,1.16
10/17/2021,RS,Aceguá,383,8,4942,2.09
10/17/2021,RS,Água Santa,583,11,3743,1.89
10/17/2021,RS,Agudo,1937,32,16401,1.65
10/17/2021,RS,Ajuricaba,1352,30,6987,2.22
10/17/2021,RS,Alecrim,315,12,5827,3.81
10/17/2021,RS,Alegrete,11116,293,73028,2.64
10/17/2021,RS,Alegria,396,4,3374,1.01
10/17/2021,RS,Almirante Tamandaré do Sul,333,7,1949,2.1
10/17/2021,RS,Alpestre,613,14,6067,2.28
10/17/2021,RS,Alto Alegre,211,2,1613,0.95
10/17/2021,RS,Alto Feliz,320,2,3036,0.63
10/17/2021,RS,Alvorada,22936,806,211352,3.51
10/17/2021,RS,Amaral Ferrador,311,10,7085,3.22
10/17/2021,RS,Ametista do Sul,970,24,7403,2.47
10/17/2021,RS,André da Rocha,119,1,1343,0.84
10/17/2021,RS,Anta Gorda,662,6,5961,0.91
10/17/2021,RS,Antônio Prado,2790,33,13045,1.18
10/17/2021,RS,Arambaré,233,9,3562,3.86
10/17/2021,RS,Araricá,1035,27,5771,2.61
10/17/2021,RS,Aratiba,456,7,6189,1.54
10/17/2021,RS,Arroio do Meio,3198,49,20967,1.53
10/17/2021,RS,Arroio do Padre,260,4,2951,1.54
10/17/2021,RS,Arroio do Sal,1209,40,10279,3.31
10/17/2021,RS,Arroio dos Ratos,1173,38,14177,3.24
10/17/2021,RS,Arroio do Tigre,1268,22,13413,1.74
10/17/2021,RS,Arroio Grande,2145,54,18238,2.52
10/17/2021,RS,Arvorezinha,905,28,10423,3.09
10/17/2021,RS,Augusto Pestana,928,13,6602,1.4
10/17/2021,RS,Áurea,331,6,3535,1.81
10/17/2021,RS,Bagé,11633,293,121335,2.52
10/17/2021,RS,Balneário Pinhal,1168,54,14363,4.62
10/17/2021,RS,Barão,767,12,6202,1.56
10/17/2021,RS,Barão de Cotegipe,826,10,6620,1.21
10/17/2021,RS,Barão do Triunfo,501,7,7519,1.4
10/17/2021,RS,Barracão,545,16,5256,2.94
10/17/2021,RS,Barra do Guarita,116,8,3257,6.9
10/17/2021,RS,Barra do Quaraí,611,9,4227,1.47
10/17/2021,RS,Barra do Ribeiro,1144,51,13556,4.46
10/17/2021,RS,Barra do Rio Azul,118,1,1655,0.85
10/17/2021,RS,Barra Funda,623,14,2551,2.25
10/17/2021,RS,Barros Cassal,862,14,11182,1.62
10/17/2021,RS,Benjamin Constant do Sul,189,2,1958,1.06
10/17/2021,RS,Bento Gonçalves,22174,395,121803,1.78
10/17/2021,RS,Boa Vista das Missões,260,7,2092,2.69
10/17/2021,RS,Boa Vista do Buricá,912,11,6712,1.21
10/17/2021,RS,Boa Vista do Cadeado,221,4,2468,1.81
10/17/2021,RS,Boa Vista do Incra,314,4,2616,1.27
10/17/2021,RS,Boa Vista do Sul,336,4,2778,1.19
10/17/2021,RS,Bom Jesus,1013,24,11309,2.37
10/17/2021,RS,Bom Princípio,2214,34,14255,1.54
10/17/2021,RS,Bom Progresso,189,3,1899,1.59
10/17/2021,RS,Bom Retiro do Sul,1074,37,12390,3.45
10/17/2021,RS,Boqueirão do Leão,627,32,7702,5.1
10/17/2021,RS,Bossoroca,481,22,6205,4.57
10/17/2021,RS,Bozano,280,8,2111,2.86
10/17/2021,RS,Braga,434,10,3311,2.3
10/17/2021,RS,Brochier,623,5,5104,0.8
10/17/2021,RS,Butiá,2531,58,20952,2.29
10/17/2021,RS,Caçapava do Sul,4087,98,33548,2.4
10/17/2021,RS,Cacequi,814,12,12423,1.47
10/17/2021,RS,Cachoeira do Sul,11143,199,81869,1.79
10/17/2021,RS,Cachoeirinha,15946,470,131240,2.95
10/17/2021,RS,Cacique Doble,631,12,5074,1.9
10/17/2021,RS,Caibaté,424,7,4823,1.65
10/17/2021,RS,Caiçara,656,10,4700,1.52
10/17/2021,RS,Camaquã,7554,154,66478,2.04
10/17/2021,RS,Camargo,439,8,2742,1.82
10/17/2021,RS,Cambará do Sul,352,10,6406,2.84
10/17/2021,RS,Campestre da Serra,310,2,3395,0.65
10/17/2021,RS,Campina das Missões,610,9,5398,1.48
10/17/2021,RS,Campinas do Sul,889,6,5438,0.67
10/17/2021,RS,Campo Bom,10602,264,69458,2.49
10/17/2021,RS,Campo Novo,684,21,4376,3.07
10/17/2021,RS,Campos Borges,528,11,3295,2.08
10/17/2021,RS,Candelária,3947,74,31421,1.87
10/17/2021,RS,Cândido Godói,730,5,6151,0.68
10/17/2021,RS,Candiota,1199,16,9647,1.33
10/17/2021,RS,Canela,6642,190,45488,2.86
10/17/2021,RS,Canguçu,4747,101,56211,2.13
10/17/2021,RS,Canoas,44416,1652,348208,3.72
10/17/2021,RS,Canudos do Vale,167,4,1705,2.4
10/17/2021,RS,Capão Bonito do Sul,295,4,1641,1.36
10/17/2021,RS,Capão da Canoa,8874,205,54051,2.31
10/17/2021,RS,Capão do Cipó,306,6,3699,1.96
10/17/2021,RS,Capão do Leão,2709,85,25409,3.14
10/17/2021,RS,Capela de Santana,1334,24,12064,1.8
10/17/2021,RS,Capitão,457,3,2763,0.66
10/17/2021,RS,Capivari do Sul,1042,8,4728,0.77
10/17/2021,RS,Caraá,889,25,8350,2.81
10/17/2021,RS,Carazinho,11170,272,62265,2.44
10/17/2021,RS,Carlos Barbosa,4929,53,30241,1.08
10/17/2021,RS,Carlos Gomes,184,1,1351,0.54
10/17/2021,RS,Casca,1292,22,9051,1.7
10/17/2021,RS,Caseiros,436,14,3216,3.21
10/17/2021,RS,Catuípe,1161,26,8701,2.24
10/17/2021,RS,Caxias do Sul,75147,1365,517451,1.82
10/17/2021,RS,Centenário,253,4,2877,1.58
10/17/2021,RS,Cerrito,574,12,6047,2.09
10/17/2021,RS,Cerro Branco,336,4,4706,1.19
10/17/2021,RS,Cerro Grande,290,7,2296,2.41
10/17/2021,RS,Cerro Grande do Sul,1009,25,12413,2.48
10/17/2021,RS,Cerro Largo,1758,24,14189,1.37
10/17/2021,RS,Chapada,1439,26,9239,1.81
10/17/2021,RS,Charqueadas,5264,113,41258,2.15
10/17/2021,RS,Charrua,374,12,3252,3.21
10/17/2021,RS,Chiapetta,456,17,3719,3.73
10/17/2021,RS,Chuí,559,4,6770,0.72
10/17/2021,RS,Chuvisca,394,4,5480,1.02
10/17/2021,RS,Cidreira,2055,76,16583,3.7
10/17/2021,RS,Ciríaco,843,27,4719,3.2
10/17/2021,RS,Colinas,634,3,2469,0.47
10/17/2021,RS,Colorado,593,14,3130,2.36
10/17/2021,RS,Condor,1094,7,6759,0.64
10/17/2021,RS,Constantina,1519,17,9907,1.12
10/17/2021,RS,Coqueiro Baixo,206,3,1495,1.46
10/17/2021,RS,Coqueiros do Sul,242,4,2286,1.65
10/17/2021,RS,Coronel Barros,456,5,2520,1.1
10/17/2021,RS,Coronel Bicaco,865,36,7268,4.16
10/17/2021,RS,Coronel Pilar,162,6,1614,3.7
10/17/2021,RS,Cotiporã,829,4,3838,0.48
10/17/2021,RS,Coxilha,392,11,2743,2.81
10/17/2021,RS,Crissiumal,1206,22,13357,1.82
10/17/2021,RS,Cristal,976,20,8067,2.05
10/17/2021,RS,Cristal do Sul,258,2,2844,0.78
10/17/2021,RS,Cruz Alta,9048,218,59922,2.41
10/17/2021,RS,Cruzaltense,197,6,1799,3.05
10/17/2021,RS,Cruzeiro do Sul,1293,39,12402,3.02
10/17/2021,RS,David Canabarro,804,14,4736,1.74
10/17/2021,RS,Derrubadas,342,6,2761,1.75
10/17/2021,RS,Dezesseis de Novembro,139,2,2378,1.44
10/17/2021,RS,Dilermando de Aguiar,194,5,3002,2.58
10/17/2021,RS,Dois Irmãos,4802,77,33119,1.6
10/17/2021,RS,Dois Irmãos das Missões,236,5,2008,2.12
10/17/2021,RS,Dois Lajeados,482,4,3405,0.83
10/17/2021,RS,Dom Feliciano,974,26,15487,2.67
10/17/2021,RS,Dom Pedrito,4396,102,38339,2.32
10/17/2021,RS,Dom Pedro de Alcântara,354,8,2527,2.26
10/17/2021,RS,Dona Francisca,135,7,2999,5.19
10/17/2021,RS,Doutor Maurício Cardoso,378,16,4462,4.23
10/17/2021,RS,Doutor Ricardo,362,4,1975,1.1
10/17/2021,RS,Eldorado do Sul,5274,136,41902,2.58
10/17/2021,RS,Encantado,2699,51,22880,1.89
10/17/2021,RS,Encruzilhada do Sul,2504,74,25960,2.96
10/17/2021,RS,Engenho Velho,182,4,982,2.2
10/17/2021,RS,Entre-Ijuís,1524,27,8411,1.77
10/17/2021,RS,Entre Rios do Sul,234,4,2758,1.71
10/17/2021,RS,Erebango,305,3,2982,0.98
10/17/2021,RS,Erechim,15224,204,106633,1.34
10/17/2021,RS,Ernestina,243,9,3170,3.7
10/17/2021,RS,Erval Grande,354,7,4819,1.98
10/17/2021,RS,Erval Seco,626,7,6802,1.12
10/17/2021,RS,Esmeralda,260,5,3287,1.92
10/17/2021,RS,Esperança do Sul,316,13,2885,4.11
10/17/2021,RS,Espumoso,2427,51,15591,2.1
10/17/2021,RS,Estação,943,21,5940,2.23
10/17/2021,RS,Estância Velha,6195,142,50672,2.29
10/17/2021,RS,Esteio,11733,374,83279,3.19
10/17/2021,RS,Estrela,4048,73,34399,1.8
10/17/2021,RS,Estrela Velha,285,6,3650,2.11
10/17/2021,RS,Eugênio de Castro,370,7,2352,1.89
10/17/2021,RS,Fagundes Varela,548,4,2741,0.73
10/17/2021,RS,Farroupilha,11457,173,73061,1.51
10/17/2021,RS,Faxinal do Soturno,611,10,6663,1.64
10/17/2021,RS,Faxinalzinho,342,6,2284,1.75
10/17/2021,RS,Fazenda Vilanova,455,9,4608,1.98
10/17/2021,RS,Feliz,2417,24,13640,0.99
10/17/2021,RS,Flores da Cunha,5571,69,31063,1.24
10/17/2021,RS,Floriano Peixoto,200,1,1737,0.5
10/17/2021,RS,Fontoura Xavier,1056,30,10241,2.84
10/17/2021,RS,Formigueiro,579,14,6616,2.42
10/17/2021,RS,Forquetinha,220,8,2400,3.64
10/17/2021,RS,Fortaleza dos Valos,658,9,4285,1.37
10/17/2021,RS,Frederico Westphalen,5435,80,31498,1.47
10/17/2021,RS,Garibaldi,5913,73,35440,1.23
10/17/2021,RS,Garruchos,138,5,2886,3.62
10/17/2021,RS,Gaurama,575,6,5489,1.04
10/17/2021,RS,General Câmara,819,23,8361,2.81
10/17/2021,RS,Gentil,186,5,1626,2.69
10/17/2021,RS,Getúlio Vargas,2793,42,16184,1.5
10/17/2021,RS,Giruá,1990,41,15863,2.06
10/17/2021,RS,Glorinha,810,29,8204,3.58
10/17/2021,RS,Gramado,9189,144,36555,1.57
10/17/2021,RS,Gramado dos Loureiros,241,3,2058,1.24
10/17/2021,RS,Gramado Xavier,442,4,4352,0.9
10/17/2021,RS,Gravataí,24350,925,283620,3.8
10/17/2021,RS,Guabiju,213,1,1490,0.47
10/17/2021,RS,Guaíba,8545,334,98239,3.91
10/17/2021,RS,Guaporé,4754,73,25968,1.54
10/17/2021,RS,Guarani das Missões,575,15,7463,2.61
10/17/2021,RS,Harmonia,762,13,4917,1.71
10/17/2021,RS,Herval,558,17,6814,3.05
10/17/2021,RS,Herveiras,287,3,3019,1.05
10/17/2021,RS,Horizontina,2801,40,19389,1.43
10/17/2021,RS,Hulha Negra,480,9,6836,1.87
10/17/2021,RS,Humaitá,360,9,4736,2.5
10/17/2021,RS,Ibarama,279,7,4399,2.51
10/17/2021,RS,Ibiaçá,679,14,4699,2.06
10/17/2021,RS,Ibiraiaras,1257,36,7265,2.86
10/17/2021,RS,Ibirapuitã,397,16,4000,4.03
10/17/2021,RS,Ibirubá,4882,88,20413,1.8
10/17/2021,RS,Igrejinha,4069,115,37340,2.83
10/17/2021,RS,Ijuí,13331,251,83764,1.88
10/17/2021,RS,Ilópolis,346,5,4066,1.45
10/17/2021,RS,Imbé,3504,130,23271,3.71
10/17/2021,RS,Imigrante,335,8,3100,2.39
10/17/2021,RS,Importados/Indefinidos,0,0,,0
10/17/2021,RS,Independência,601,10,6109,1.66
10/17/2021,RS,Inhacorá,131,4,2215,3.05
10/17/2021,RS,Ipê,981,10,6689,1.02
10/17/2021,RS,Ipiranga do Sul,177,2,1880,1.13
10/17/2021,RS,Iraí,696,16,7141,2.3
10/17/2021,RS,Itaara,595,17,5537,2.86
10/17/2021,RS,Itacurubi,72,6,3460,8.33
10/17/2021,RS,Itapuca,216,3,2065,1.39
10/17/2021,RS,Itaqui,4064,68,37489,1.67
10/17/2021,RS,Itati,239,11,2397,4.6
10/17/2021,RS,Itatiba do Sul,249,3,3231,1.2
10/17/2021,RS,Ivorá,105,1,1881,0.95
10/17/2021,RS,Ivoti,3556,69,24690,1.94
10/17/2021,RS,Jaboticaba,318,11,3773,3.46
10/17/2021,RS,Jacuizinho,166,1,2706,0.6
10/17/2021,RS,Jacutinga,366,4,3546,1.09
10/17/2021,RS,Jaguarão,2823,54,26500,1.91
10/17/2021,RS,Jaguari,1011,34,10765,3.36
10/17/2021,RS,Jaquirana,586,10,3662,1.71
10/17/2021,RS,Jari,182,3,3486,1.65
10/17/2021,RS,Jóia,953,20,8566,2.1
10/17/2021,RS,Júlio de Castilhos,2340,41,19224,1.75
10/17/2021,RS,Lagoa Bonita do Sul,41,1,2921,2.44
10/17/2021,RS,Lagoa dos Três Cantos,279,5,1607,1.79
10/17/2021,RS,Lagoão,555,14,6461,2.52
10/17/2021,RS,Lagoa Vermelha,4209,97,27778,2.3
10/17/2021,RS,Lajeado,14899,206,85033,1.38
10/17/2021,RS,Lajeado do Bugre,298,17,2566,5.7
10/17/2021,RS,Lavras do Sul,466,12,7444,2.58
10/17/2021,RS,Liberato Salzano,488,11,5152,2.25
10/17/2021,RS,Lindolfo Collor,951,14,6125,1.47
10/17/2021,RS,Linha Nova,216,3,1719,1.39
10/17/2021,RS,Maçambará,452,6,4562,1.33
10/17/2021,RS,Machadinho,822,13,5427,1.58
10/17/2021,RS,Mampituba,424,4,2973,0.94
10/17/2021,RS,Manoel Viana,539,11,7307,2.04
10/17/2021,RS,Maquiné,861,22,6681,2.56
10/17/2021,RS,Maratá,277,4,2702,1.44
10/17/2021,RS,Marau,7680,109,44858,1.42
10/17/2021,RS,Marcelino Ramos,384,7,4319,1.82
10/17/2021,RS,Mariana Pimentel,286,4,3888,1.4
10/17/2021,RS,Mariano Moro,222,4,2009,1.8
10/17/2021,RS,Marques de Souza,361,9,3995,2.49
10/17/2021,RS,Mata,502,12,4797,2.39
10/17/2021,RS,Mato Castelhano,405,15,2542,3.7
10/17/2021,RS,Mato Leitão,839,8,4573,0.95
10/17/2021,RS,Mato Queimado,91,4,1629,4.4
10/17/2021,RS,Maximiliano de Almeida,630,12,4314,1.9
10/17/2021,RS,Minas do Leão,707,10,8103,1.41
10/17/2021,RS,Miraguaí,639,15,4911,2.35
10/17/2021,RS,Montauri,282,7,1441,2.48
10/17/2021,RS,Monte Alegre dos Campos,166,6,3232,3.61
10/17/2021,RS,Monte Belo do Sul,280,7,2530,2.5
10/17/2021,RS,Montenegro,9632,164,65721,1.7
10/17/2021,RS,Mormaço,390,6,3113,1.54
10/17/2021,RS,Morrinhos do Sul,387,5,2919,1.29
10/17/2021,RS,Morro Redondo,519,16,6589,3.08
10/17/2021,RS,Morro Reuter,900,17,6513,1.89
10/17/2021,RS,Mostardas,1044,25,12847,2.39
10/17/2021,RS,Muçum,860,13,4961,1.51
10/17/2021,RS,Muitos Capões,140,6,3173,4.29
10/17/2021,RS,Muliterno,257,2,1897,0.78
10/17/2021,RS,Não-Me-Toque,3052,64,17758,2.1
10/17/2021,RS,Nicolau Vergueiro,107,6,1674,5.61
10/17/2021,RS,Nonoai,2087,49,11633,2.35
10/17/2021,RS,Nova Alvorada,661,6,3663,0.91
10/17/2021,RS,Nova Araçá,1197,10,4826,0.84
10/17/2021,RS,Nova Bassano,1849,14,10005,0.76
10/17/2021,RS,Nova Boa Vista,326,2,1753,0.61
10/17/2021,RS,Nova Bréscia,538,11,3337,2.04
10/17/2021,RS,Nova Candelária,462,5,2688,1.08
10/17/2021,RS,Nova Esperança do Sul,1142,10,5410,0.88
10/17/2021,RS,Nova Hartz,2739,72,21875,2.63
10/17/2021,RS,Nova Pádua,370,10,2558,2.7
10/17/2021,RS,Nova Palma,617,12,6515,1.94
10/17/2021,RS,Nova Petrópolis,3434,77,21536,2.24
10/17/2021,RS,Nova Prata,3963,56,27648,1.41
10/17/2021,RS,Nova Ramada,363,4,2218,1.1
10/17/2021,RS,Nova Roma do Sul,424,6,3717,1.42
10/17/2021,RS,Nova Santa Rita,2977,97,29905,3.26
10/17/2021,RS,Novo Barreiro,855,23,4175,2.69
10/17/2021,RS,Novo Cabrais,536,6,4222,1.12
10/17/2021,RS,Novo Hamburgo,29916,960,247032,3.21
10/17/2021,RS,Novo Machado,169,5,3256,2.96
10/17/2021,RS,Novo Tiradentes,126,0,2200,0
10/17/2021,RS,Novo Xingu,196,5,1712,2.55
10/17/2021,RS,Osório,9965,165,46414,1.66
10/17/2021,RS,Paim Filho,561,1,3778,0.18
10/17/2021,RS,Palmares do Sul,1359,37,11330,2.72
10/17/2021,RS,Palmeira das Missões,4435,100,33131,2.25
10/17/2021,RS,Palmitinho,990,13,7056,1.31
10/17/2021,RS,Panambi,7278,123,44128,1.69
10/17/2021,RS,Pantano Grande,1212,28,9083,2.31
10/17/2021,RS,Paraí,1551,23,7727,1.48
10/17/2021,RS,Paraíso do Sul,603,15,7623,2.49
10/17/2021,RS,Pareci Novo,618,6,3862,0.97
10/17/2021,RS,Parobé,7793,222,58858,2.85
10/17/2021,RS,Passa Sete,286,6,5747,2.1
10/17/2021,RS,Passo do Sobrado,690,15,6574,2.17
10/17/2021,RS,Passo Fundo,37348,697,204722,1.87
10/17/2021,RS,Paulo Bento,277,2,2299,0.72
10/17/2021,RS,Paverama,664,18,8515,2.71
10/17/2021,RS,Pedras Altas,174,3,1954,1.72
10/17/2021,RS,Pedro Osório,852,27,7706,3.17
10/17/2021,RS,Pejuçara,508,8,3857,1.57
10/17/2021,RS,Pelotas,46850,1136,343132,2.42
10/17/2021,RS,Picada Café,504,10,5738,1.98
10/17/2021,RS,Pinhal,390,4,2580,1.03
10/17/2021,RS,Pinhal da Serra,265,6,1918,2.26
10/17/2021,RS,Pinhal Grande,239,5,4329,2.09
10/17/2021,RS,Pinheirinho do Vale,397,7,4899,1.76
10/17/2021,RS,Pinheiro Machado,1366,30,12195,2.2
10/17/2021,RS,Pinto Bandeira,363,5,3036,1.38
10/17/2021,RS,Pirapó,173,17,2254,9.83
10/17/2021,RS,Piratini,1151,36,20704,3.13
10/17/2021,RS,Planalto,966,19,10019,1.97
10/17/2021,RS,Poço das Antas,280,1,2101,0.36
10/17/2021,RS,Pontão,347,10,3901,2.88
10/17/2021,RS,Ponte Preta,186,2,1524,1.08
10/17/2021,RS,Portão,4268,126,37561,2.95
10/17/2021,RS,Porto Alegre,170925,5663,1488252,3.31
10/17/2021,RS,Porto Lucena,407,7,4594,1.72
10/17/2021,RS,Porto Mauá,193,7,2352,3.63
10/17/2021,RS,Porto Vera Cruz,134,5,1308,3.73
10/17/2021,RS,Porto Xavier,1751,54,10194,3.08
10/17/2021,RS,Pouso Novo,178,4,1612,2.25
10/17/2021,RS,Presidente Lucena,516,4,2937,0.78
10/17/2021,RS,Progresso,689,13,6239,1.89
10/17/2021,RS,Protásio Alves,126,6,1938,4.76
10/17/2021,RS,Putinga,635,19,3889,2.99
10/17/2021,RS,Quaraí,2365,59,22607,2.49
10/17/2021,RS,Quatro Irmãos,99,3,1856,3.03
10/17/2021,RS,Quevedos,252,1,2790,0.4
10/17/2021,RS,Quinze de Novembro,646,12,3803,1.86
10/17/2021,RS,Redentora,993,28,11669,2.82
10/17/2021,RS,Relvado,189,4,2079,2.12
10/17/2021,RS,Restinga Sêca,1746,38,15744,2.18
10/17/2021,RS,Rio dos Índios,322,10,2660,3.11
10/17/2021,RS,Rio Grande,23346,560,211965,2.4
10/17/2021,RS,Rio Pardo,3396,103,38265,3.03
10/17/2021,RS,Riozinho,522,13,4676,2.49
10/17/2021,RS,Roca Sales,1136,26,11471,2.29
10/17/2021,RS,Rodeio Bonito,744,8,5868,1.08
10/17/2021,RS,Rolador,245,4,2296,1.63
10/17/2021,RS,Rolante,3603,58,21453,1.61
10/17/2021,RS,Ronda Alta,1606,27,10617,1.68
10/17/2021,RS,Rondinha,854,14,5080,1.64
10/17/2021,RS,Roque Gonzales,717,8,6797,1.12
10/17/2021,RS,Rosário do Sul,4012,109,39314,2.72
10/17/2021,RS,Sagrada Família,505,10,2605,1.98
10/17/2021,RS,Saldanha Marinho,461,13,2622,2.82
10/17/2021,RS,Salto do Jacuí,1226,22,12481,1.79
10/17/2021,RS,Salvador das Missões,412,9,2733,2.18
10/17/2021,RS,Salvador do Sul,853,4,7889,0.47
10/17/2021,RS,Sananduva,3061,37,16328,1.21
10/17/2021,RS,Santa Bárbara do Sul,1393,45,7909,3.23
10/17/2021,RS,Santa Cecília do Sul,571,3,1634,0.53
10/17/2021,RS,Santa Clara do Sul,510,7,6681,1.37
10/17/2021,RS,Santa Cruz do Sul,20750,338,131365,1.63
10/17/2021,RS,Santa Margarida do Sul,230,5,2578,2.17
10/17/2021,RS,Santa Maria,40807,824,283677,2.02
10/17/2021,RS,Santa Maria do Herval,674,15,6364,2.23
10/17/2021,RS,Santana da Boa Vista,354,11,8067,3.11
10/17/2021,RS,Sant'Ana do Livramento,10003,183,76321,1.83
10/17/2021,RS,Santa Rosa,13859,203,73575,1.46
10/17/2021,RS,Santa Tereza,253,3,1726,1.19
10/17/2021,RS,Santa Vitória do Palmar,3609,52,29483,1.44
10/17/2021,RS,Santiago,7410,165,49360,2.23
10/17/2021,RS,Santo Ângelo,10920,295,77568,2.7
10/17/2021,RS,Santo Antônio da Patrulha,5612,153,43171,2.73
10/17/2021,RS,Santo Antônio das Missões,547,37,10050,6.76
10/17/2021,RS,Santo Antônio do Palma,186,3,2123,1.61
10/17/2021,RS,Santo Antônio do Planalto,157,2,2019,1.27
10/17/2021,RS,Santo Augusto,1788,35,13848,1.96
10/17/2021,RS,Santo Cristo,1774,30,14216,1.69
10/17/2021,RS,Santo Expedito do Sul,267,8,2305,3
10/17/2021,RS,São Borja,9909,259,60019,2.61
10/17/2021,RS,São Domingos do Sul,472,5,3083,1.06
10/17/2021,RS,São Francisco de Assis,1811,33,18205,1.82
10/17/2021,RS,São Francisco de Paula,1630,46,21801,2.82
10/17/2021,RS,São Gabriel,8595,281,62147,3.27
10/17/2021,RS,São Jerônimo,1844,76,24412,4.12
10/17/2021,RS,São João da Urtiga,834,6,4641,0.72
10/17/2021,RS,São João do Polêsine,407,6,2543,1.47
10/17/2021,RS,São Jorge,411,11,2816,2.68
10/17/2021,RS,São José das Missões,328,3,2514,0.91
10/17/2021,RS,São José do Herval,217,3,1943,1.38
10/17/2021,RS,São José do Hortêncio,635,10,4865,1.57
10/17/2021,RS,São José do Inhacorá,454,2,2056,0.44
10/17/2021,RS,São José do Norte,1817,48,27721,2.64
10/17/2021,RS,São José do Ouro,1053,16,6922,1.52
10/17/2021,RS,São José dos Ausentes,687,13,3543,1.89
10/17/2021,RS,São José do Sul,319,6,2437,1.88
10/17/2021,RS,São Leopoldo,29105,762,238648,2.62
10/17/2021,RS,São Lourenço do Sul,3579,77,43540,2.15
10/17/2021,RS,São Luiz Gonzaga,4146,101,33293,2.44
10/17/2021,RS,São Marcos,3803,63,21658,1.66
10/17/2021,RS,São Martinho,795,12,5380,1.51
10/17/2021,RS,São Martinho da Serra,106,5,3231,4.72
10/17/2021,RS,São Miguel das Missões,826,16,7683,1.94
10/17/2021,RS,São Nicolau,74,7,5208,9.46
10/17/2021,RS,São Paulo das Missões,590,9,5720,1.53
10/17/2021,RS,São Pedro da Serra,373,2,3842,0.54
10/17/2021,RS,São Pedro das Missões,330,10,2017,3.03
10/17/2021,RS,São Pedro do Butiá,392,6,2949,1.53
10/17/2021,RS,São Pedro do Sul,1734,36,16148,2.08
10/17/2021,RS,São Sebastião do Caí,3610,61,25959,1.69
10/17/2021,RS,São Sepé,2077,62,23555,2.99
10/17/2021,RS,São Valentim,293,4,3259,1.37
10/17/2021,RS,São Valentim do Sul,337,4,2245,1.19
10/17/2021,RS,São Valério do Sul,141,3,2729,2.13
10/17/2021,RS,São Vendelino,390,6,2266,1.54
10/17/2021,RS,São Vicente do Sul,596,19,8732,3.19
10/17/2021,RS,Sapiranga,13693,334,80037,2.44
10/17/2021,RS,Sapucaia do Sul,16833,524,141808,3.11
10/17/2021,RS,Sarandi,3805,66,24763,1.73
10/17/2021,RS,Seberi,2320,36,10713,1.55
10/17/2021,RS,Sede Nova,280,7,2891,2.5
10/17/2021,RS,Segredo,677,7,7444,1.03
10/17/2021,RS,Selbach,750,24,5107,3.2
10/17/2021,RS,Senador Salgado Filho,366,3,2770,0.82
10/17/2021,RS,Sentinela do Sul,571,18,5609,3.15
10/17/2021,RS,Serafina Corrêa,2803,37,17795,1.32
10/17/2021,RS,Sério,212,7,1924,3.3
10/17/2021,RS,Sertão,777,16,5315,2.06
10/17/2021,RS,Sertão Santana,725,11,6537,1.52
10/17/2021,RS,Sete de Setembro,127,5,1950,3.94
10/17/2021,RS,Severiano de Almeida,421,4,3631,0.95
10/17/2021,RS,Silveira Martins,208,10,2374,4.81
10/17/2021,RS,Sinimbu,933,22,10162,2.36
10/17/2021,RS,Sobradinho,1658,31,15005,1.87
10/17/2021,RS,Soledade,4355,91,31035,2.09
10/17/2021,RS,Tabaí,561,7,4769,1.25
10/17/2021,RS,Tapejara,4818,55,24552,1.14
10/17/2021,RS,Tapera,1718,45,10577,2.62
10/17/2021,RS,Tapes,1362,62,17332,4.55
10/17/2021,RS,Taquara,5659,179,57584,3.16
10/17/2021,RS,Taquari,3389,74,26885,2.18
10/17/2021,RS,Taquaruçu do Sul,566,8,3077,1.41
10/17/2021,RS,Tavares,532,11,5483,2.07
10/17/2021,RS,Tenente Portela,1769,36,13434,2.04
10/17/2021,RS,Terra de Areia,786,51,11315,6.49
10/17/2021,RS,Teutônia,5085,93,33766,1.83
10/17/2021,RS,Tio Hugo,436,9,3055,2.06
10/17/2021,RS,Tiradentes do Sul,258,6,5616,2.33
10/17/2021,RS,Toropi,341,12,2772,3.52
10/17/2021,RS,Torres,6006,113,39064,1.88
10/17/2021,RS,Tramandaí,7095,220,52632,3.1
10/17/2021,RS,Travesseiro,256,8,2334,3.12
10/17/2021,RS,Três Arroios,233,2,2643,0.86
10/17/2021,RS,Três Cachoeiras,1200,27,11115,2.25
10/17/2021,RS,Três Coroas,3100,73,28581,2.35
10/17/2021,RS,Três de Maio,3368,44,23876,1.31
10/17/2021,RS,Três Forquilhas,416,7,2669,1.68
10/17/2021,RS,Três Palmeiras,609,18,4251,2.96
10/17/2021,RS,Três Passos,2983,69,23852,2.31
10/17/2021,RS,Trindade do Sul,871,18,5791,2.07
10/17/2021,RS,Triunfo,2890,93,29856,3.22
10/17/2021,RS,Tucunduva,848,18,5644,2.12
10/17/2021,RS,Tunas,288,14,4577,4.86
10/17/2021,RS,Tupanci do Sul,118,3,1459,2.54
10/17/2021,RS,Tupanciretã,2737,49,24068,1.79
10/17/2021,RS,Tupandi,803,11,4939,1.37
10/17/2021,RS,Tuparendi,1161,17,7810,1.46
10/17/2021,RS,Turuçu,333,8,3423,2.4
10/17/2021,RS,Ubiretama,114,2,1983,1.75
10/17/2021,RS,União da Serra,80,1,1118,1.25
10/17/2021,RS,Unistalda,189,4,2321,2.12
10/17/2021,RS,Uruguaiana,14467,440,126866,3.04
10/17/2021,RS,Vacaria,9881,218,66575,2.21
10/17/2021,RS,Vale do Sol,918,20,11828,2.18
10/17/2021,RS,Vale Real,826,12,5981,1.45
10/17/2021,RS,Vale Verde,248,6,3515,2.42
10/17/2021,RS,Vanini,338,3,2122,0.89
10/17/2021,RS,Venâncio Aires,10305,134,71973,1.3
10/17/2021,RS,Vera Cruz,3484,51,27099,1.46
10/17/2021,RS,Veranópolis,4945,67,26533,1.35
10/17/2021,RS,Vespasiano Corrêa,304,8,1795,2.63
10/17/2021,RS,Viadutos,498,11,4690,2.21
10/17/2021,RS,Viamão,14232,755,256302,5.3
10/17/2021,RS,Vicente Dutra,285,6,4599,2.11
10/17/2021,RS,Victor Graeff,431,7,2860,1.62
10/17/2021,RS,Vila Flores,838,13,3396,1.55
10/17/2021,RS,Vila Lângaro,305,2,2080,0.66
10/17/2021,RS,Vila Maria,730,10,4363,1.37
10/17/2021,RS,Vila Nova do Sul,389,9,4277,2.31
10/17/2021,RS,Vista Alegre,355,7,2739,1.97
10/17/2021,RS,Vista Alegre do Prata,142,5,1557,3.52
10/17/2021,RS,Vista Gaúcha,268,13,2855,4.85
10/17/2021,RS,Vitória das Missões,376,12,3092,3.19
10/17/2021,RS,Westfália,362,7,3031,1.93
10/17/2021,RS,Xangri-lá,2336,49,16775,2.1
10/18/2021,SC,Abdon Batista,407,4,2548,0.98
10/18/2021,SC,Abelardo Luz,1921,55,17960,2.86
10/18/2021,SC,Agrolândia,1728,29,11013,1.68
10/18/2021,SC,Agronômica,684,14,5509,2.05
10/18/2021,SC,Água Doce,1279,18,7152,1.41
10/18/2021,SC,Águas de Chapecó,611,11,6515,1.8
10/18/2021,SC,Águas Frias,586,4,2354,0.68
10/18/2021,SC,Águas Mornas,755,10,6559,1.32
10/18/2021,SC,Alfredo Wagner,1103,7,10086,0.63
10/18/2021,SC,Alto Bela Vista,199,3,1926,1.51
10/18/2021,SC,Anchieta,710,11,5557,1.55
10/18/2021,SC,Angelina,577,2,4743,0.35
10/18/2021,SC,Anita Garibaldi,1227,10,6957,0.81
10/18/2021,SC,Anitápolis,361,5,3228,1.39
10/18/2021,SC,Antônio Carlos,1686,27,8613,1.6
10/18/2021,SC,Apiúna,913,18,10848,1.97
10/18/2021,SC,Arabutã,424,10,4267,2.36
10/18/2021,SC,Araquari,4387,89,39524,2.03
10/18/2021,SC,Araranguá,11301,252,68867,2.23
10/18/2021,SC,Armazém,1464,35,8759,2.39
10/18/2021,SC,Arroio Trinta,626,14,3549,2.24
10/18/2021,SC,Arvoredo,357,5,2234,1.4
10/18/2021,SC,Ascurra,1351,13,7978,0.96
10/18/2021,SC,Atalanta,514,11,3195,2.14
10/18/2021,SC,Aurora,916,18,5683,1.97
10/18/2021,SC,Balneário Arroio do Silva,2200,59,13430,2.68
10/18/2021,SC,Balneário Barra do Sul,1595,47,11035,2.95
10/18/2021,SC,Balneário Camboriú,28073,422,145796,1.5
10/18/2021,SC,Balneário Gaivota,1395,38,11260,2.72
10/18/2021,SC,Balneário Piçarras,5502,61,23772,1.11
10/18/2021,SC,Balneário Rincão,1525,52,12946,3.41
10/18/2021,SC,Bandeirante,434,6,2648,1.38
10/18/2021,SC,Barra Bonita,209,2,1651,0.96
10/18/2021,SC,Barra Velha,5037,129,29860,2.56
10/18/2021,SC,Bela Vista do Toldo,90,4,6362,4.44
10/18/2021,SC,Belmonte,342,5,2709,1.46
10/18/2021,SC,Benedito Novo,1100,20,11775,1.82
10/18/2021,SC,Biguaçu,11755,172,69486,1.46
10/18/2021,SC,Blumenau,61076,669,361855,1.1
10/18/2021,SC,Bocaina do Sul,401,3,3488,0.75
10/18/2021,SC,Bombinhas,3732,67,20335,1.8
10/18/2021,SC,Bom Jardim da Serra,724,8,4772,1.1
10/18/2021,SC,Bom Jesus,530,10,3057,1.89
10/18/2021,SC,Bom Jesus do Oeste,185,6,2139,3.24
10/18/2021,SC,Bom Retiro,910,21,10060,2.31
10/18/2021,SC,Botuverá,978,10,5322,1.02
10/18/2021,SC,Braço do Norte,9020,109,33876,1.21
10/18/2021,SC,Braço do Trombudo,749,7,3769,0.93
10/18/2021,SC,Brunópolis,335,9,2368,2.69
10/18/2021,SC,Brusque,30648,321,137689,1.05
10/18/2021,SC,Caçador,7198,292,79313,4.06
10/18/2021,SC,Caibi,713,16,6130,2.24
10/18/2021,SC,Calmon,50,7,3335,14
10/18/2021,SC,Camboriú,14678,179,85105,1.22
10/18/2021,SC,Campo Alegre,1426,41,11981,2.88
10/18/2021,SC,Campo Belo do Sul,793,23,6952,2.9
10/18/2021,SC,Campo Erê,1492,23,8418,1.54
10/18/2021,SC,Campos Novos,6041,121,36556,2
10/18/2021,SC,Canelinha,1519,17,12398,1.12
10/18/2021,SC,Canoinhas,7344,120,54480,1.63
10/18/2021,SC,Capão Alto,192,2,2496,1.04
10/18/2021,SC,Capinzal,5123,53,23035,1.03
10/18/2021,SC,Capivari de Baixo,4690,85,25177,1.81
10/18/2021,SC,Catanduvas,2082,33,10984,1.59
10/18/2021,SC,Caxambu do Sul,639,11,3551,1.72
10/18/2021,SC,Celso Ramos,459,6,2719,1.31
10/18/2021,SC,Cerro Negro,209,4,3068,1.91
10/18/2021,SC,Chapadão do Lageado,416,6,3006,1.44
10/18/2021,SC,Chapecó,42591,768,224013,1.8
10/18/2021,SC,Cocal do Sul,3732,63,16821,1.69
10/18/2021,SC,Concórdia,18166,222,75167,1.22
10/18/2021,SC,Cordilheira Alta,620,8,4520,1.29
10/18/2021,SC,Coronel Freitas,1792,30,9940,1.67
10/18/2021,SC,Coronel Martins,228,3,2555,1.32
10/18/2021,SC,Correia Pinto,2139,60,12553,2.81
10/18/2021,SC,Corupá,2027,41,16107,2.02
10/18/2021,SC,Criciúma,39032,656,217311,1.68
10/18/2021,SC,Cunha Porã,1095,26,11118,2.37
10/18/2021,SC,Cunhataí,198,2,1967,1.01
10/18/2021,SC,Curitibanos,5652,193,39893,3.41
10/18/2021,SC,Descanso,1099,19,8192,1.73
10/18/2021,SC,Dionísio Cerqueira,2094,50,15545,2.39
10/18/2021,SC,Dona Emma,506,4,4186,0.79
10/18/2021,SC,Doutor Pedrinho,490,6,4115,1.22
10/18/2021,SC,Entre Rios,693,10,3218,1.44
10/18/2021,SC,Ermo,370,6,2061,1.62
10/18/2021,SC,Erval Velho,891,13,4418,1.46
10/18/2021,SC,Faxinal dos Guedes,2024,37,10649,1.83
10/18/2021,SC,Flor do Sertão,191,0,1579,0
10/18/2021,SC,Florianópolis,82546,1075,508826,1.3
10/18/2021,SC,Formosa do Sul,436,8,2495,1.83
10/18/2021,SC,Forquilhinha,6629,64,27211,0.97
10/18/2021,SC,Fraiburgo,5005,120,36584,2.4
10/18/2021,SC,Frei Rogério,366,11,1970,3.01
10/18/2021,SC,Galvão,469,11,2791,2.35
10/18/2021,SC,Garopaba,3538,44,23579,1.24
10/18/2021,SC,Garuva,2301,33,18484,1.43
10/18/2021,SC,Gaspar,9069,192,70793,2.12
10/18/2021,SC,Governador Celso Ramos,2861,28,14606,0.98
10/18/2021,SC,Grão Pará,1480,14,6595,0.95
10/18/2021,SC,Gravatal,2215,50,11577,2.26
10/18/2021,SC,Guabiruba,4032,47,24382,1.17
10/18/2021,SC,Guaraciaba,2080,27,10026,1.3
10/18/2021,SC,Guaramirim,7521,99,45797,1.32
10/18/2021,SC,Guarujá do Sul,579,11,5178,1.9
10/18/2021,SC,Guatambú,879,19,4698,2.16
10/18/2021,SC,Herval d'Oeste,4670,66,22714,1.41
10/18/2021,SC,Ibiam,266,4,1954,1.5
10/18/2021,SC,Ibicaré,540,8,3178,1.48
10/18/2021,SC,Ibirama,1923,39,19096,2.03
10/18/2021,SC,Içara,7874,134,57247,1.7
10/18/2021,SC,Ilhota,2079,39,14359,1.88
10/18/2021,SC,Imaruí,1058,22,9948,2.08
10/18/2021,SC,Imbituba,7077,110,45286,1.55
10/18/2021,SC,Imbuia,663,10,6241,1.51
10/18/2021,SC,Importados/Indefinidos,0,0,,0
10/18/2021,SC,Indaial,10988,135,70900,1.23
10/18/2021,SC,Iomerê,338,10,2962,2.96
10/18/2021,SC,Ipira,474,7,4406,1.48
10/18/2021,SC,Iporã do Oeste,863,16,9045,1.85
10/18/2021,SC,Ipuaçu,1113,15,7579,1.35
10/18/2021,SC,Ipumirim,871,10,7620,1.15
10/18/2021,SC,Iraceminha,545,4,3938,0.73
10/18/2021,SC,Irani,1709,20,10498,1.17
10/18/2021,SC,Irati,315,8,1909,2.54
10/18/2021,SC,Irineópolis,811,14,11289,1.73
10/18/2021,SC,Itá,1187,24,6129,2.02
10/18/2021,SC,Itaiópolis,2841,53,21780,1.87
10/18/2021,SC,Itajaí,41074,769,223112,1.87
10/18/2021,SC,Itapema,13094,255,67338,1.95
10/18/2021,SC,Itapiranga,2543,19,17007,0.75
10/18/2021,SC,Itapoá,3771,73,21177,1.94
10/18/2021,SC,Ituporanga,4035,69,25355,1.71
10/18/2021,SC,Jaborá,969,11,3918,1.14
10/18/2021,SC,Jacinto Machado,1492,35,10376,2.35
10/18/2021,SC,Jaguaruna,3494,61,20288,1.75
10/18/2021,SC,Jaraguá do Sul,35183,430,181173,1.22
10/18/2021,SC,Jardinópolis,401,5,1546,1.25
10/18/2021,SC,Joaçaba,7047,75,30404,1.06
10/18/2021,SC,Joinville,116495,1974,597658,1.69
10/18/2021,SC,José Boiteux,698,9,5007,1.29
10/18/2021,SC,Jupiá,311,6,2092,1.93
10/18/2021,SC,Lacerdópolis,479,4,2247,0.84
10/18/2021,SC,Lages,28647,529,157349,1.85
10/18/2021,SC,Laguna,5927,153,46122,2.58
10/18/2021,SC,Lajeado Grande,249,5,1418,2.01
10/18/2021,SC,Laurentino,1247,11,7063,0.88
10/18/2021,SC,Lauro Müller,2543,59,15313,2.32
10/18/2021,SC,Lebon Régis,1227,61,12115,4.97
10/18/2021,SC,Leoberto Leal,355,2,3000,0.56
10/18/2021,SC,Lindóia do Sul,976,12,4546,1.23
10/18/2021,SC,Lontras,1276,27,12315,2.12
10/18/2021,SC,Luiz Alves,2319,13,13107,0.56
10/18/2021,SC,Luzerna,1122,16,5684,1.43
10/18/2021,SC,Macieira,172,6,1766,3.49
10/18/2021,SC,Mafra,5682,132,56561,2.32
10/18/2021,SC,Major Gercino,368,6,3454,1.63
10/18/2021,SC,Major Vieira,374,6,8156,1.6
10/18/2021,SC,Maracajá,1262,20,7378,1.58
10/18/2021,SC,Maravilha,5377,69,26116,1.28
10/18/2021,SC,Marema,252,13,1750,5.16
10/18/2021,SC,Massaranduba,3004,23,17125,0.77
10/18/2021,SC,Matos Costa,179,3,2480,1.68
10/18/2021,SC,Meleiro,1310,25,7001,1.91
10/18/2021,SC,Mirim Doce,328,6,2283,1.83
10/18/2021,SC,Modelo,482,12,4218,2.49
10/18/2021,SC,Mondaí,1221,12,11889,0.98
10/18/2021,SC,Monte Carlo,1333,44,9906,3.3
10/18/2021,SC,Monte Castelo,955,23,8269,2.41
10/18/2021,SC,Morro da Fumaça,3658,45,17947,1.23
10/18/2021,SC,Morro Grande,584,7,2888,1.2
10/18/2021,SC,Navegantes,11156,213,83626,1.91
10/18/2021,SC,Nova Erechim,710,10,5092,1.41
10/18/2021,SC,Nova Itaberaba,491,3,4329,0.61
10/18/2021,SC,Nova Trento,2365,19,14782,0.8
10/18/2021,SC,Nova Veneza,3022,36,15342,1.19
10/18/2021,SC,Novo Horizonte,262,0,2404,0
10/18/2021,SC,Orleans,5498,90,23038,1.64
10/18/2021,SC,Otacílio Costa,3838,64,18975,1.67
10/18/2021,SC,Ouro,1627,20,7272,1.23
10/18/2021,SC,Ouro Verde,384,12,2207,3.12
10/18/2021,SC,Paial,216,5,1474,2.31
10/18/2021,SC,Painel,186,6,2356,3.23
10/18/2021,SC,Palhoça,30049,349,175272,1.16
10/18/2021,SC,Palma Sola,1058,17,7372,1.61
10/18/2021,SC,Palmeira,356,5,2650,1.4
10/18/2021,SC,Palmitos,2371,61,16157,2.57
10/18/2021,SC,Papanduva,1781,46,19422,2.58
10/18/2021,SC,Paraíso,148,7,3360,4.73
10/18/2021,SC,Passo de Torres,1363,29,9048,2.13
10/18/2021,SC,Passos Maia,347,13,4109,3.75
10/18/2021,SC,Paulo Lopes,1340,15,7569,1.12
10/18/2021,SC,Pedras Grandes,805,23,3953,2.86
10/18/2021,SC,Penha,6151,103,33284,1.67
10/18/2021,SC,Peritiba,455,4,2760,0.88
10/18/2021,SC,Pescaria Brava,2226,26,10159,1.17
10/18/2021,SC,Petrolândia,896,27,5905,3.01
10/18/2021,SC,Pinhalzinho,3593,37,20712,1.03
10/18/2021,SC,Pinheiro Preto,565,9,3596,1.59
10/18/2021,SC,Piratuba,612,11,3745,1.8
10/18/2021,SC,Planalto Alegre,349,11,2888,3.15
10/18/2021,SC,Pomerode,6025,73,34010,1.21
10/18/2021,SC,Ponte Alta,604,15,4650,2.48
10/18/2021,SC,Ponte Alta do Norte,328,8,3420,2.44
10/18/2021,SC,Ponte Serrada,1455,52,11634,3.57
10/18/2021,SC,Porto Belo,3075,61,21932,1.98
10/18/2021,SC,Porto União,4797,88,35543,1.83
10/18/2021,SC,Pouso Redondo,1937,40,17712,2.07
10/18/2021,SC,Praia Grande,1197,16,7312,1.34
10/18/2021,SC,Presidente Castello Branco,486,4,1547,0.82
10/18/2021,SC,Presidente Getúlio,1977,39,17726,1.97
10/18/2021,SC,Presidente Nereu,146,4,2283,2.74
10/18/2021,SC,Princesa,467,11,2937,2.36
10/18/2021,SC,Quilombo,1718,43,9829,2.5
10/18/2021,SC,Rancho Queimado,530,4,2887,0.75
10/18/2021,SC,Rio das Antas,718,15,6202,2.09
10/18/2021,SC,Rio do Campo,679,8,5902,1.18
10/18/2021,SC,Rio do Oeste,908,16,7520,1.76
10/18/2021,SC,Rio dos Cedros,999,26,11808,2.6
10/18/2021,SC,Rio do Sul,9769,138,72006,1.41
10/18/2021,SC,Rio Fortuna,834,11,4620,1.32
10/18/2021,SC,Rio Negrinho,5951,127,42495,2.13
10/18/2021,SC,Rio Rufino,233,5,2483,2.15
10/18/2021,SC,Riqueza,646,16,4561,2.48
10/18/2021,SC,Rodeio,1613,31,11600,1.92
10/18/2021,SC,Romelândia,437,8,4684,1.83
10/18/2021,SC,Salete,939,9,7659,0.96
10/18/2021,SC,Saltinho,250,6,3754,2.4
10/18/2021,SC,Salto Veloso,712,8,4756,1.12
10/18/2021,SC,Sangão,1924,14,12905,0.73
10/18/2021,SC,Santa Cecília,1464,31,16918,2.12
10/18/2021,SC,Santa Helena,214,4,2200,1.87
10/18/2021,SC,Santa Rosa de Lima,336,5,2147,1.49
10/18/2021,SC,Santa Rosa do Sul,1306,27,8378,2.07
10/18/2021,SC,Santa Terezinha,581,7,8773,1.2
10/18/2021,SC,Santa Terezinha do Progresso,329,4,2372,1.22
10/18/2021,SC,Santiago do Sul,155,2,1235,1.29
10/18/2021,SC,Santo Amaro da Imperatriz,3944,80,23579,2.03
10/18/2021,SC,São Bento do Sul,11797,194,85421,1.64
10/18/2021,SC,São Bernardino,390,4,2287,1.03
10/18/2021,SC,São Bonifácio,488,7,2814,1.43
10/18/2021,SC,São Carlos,1026,21,11369,2.05
10/18/2021,SC,São Cristóvão do Sul,297,16,5598,5.39
10/18/2021,SC,São Domingos,1329,21,9434,1.58
10/18/2021,SC,São Francisco do Sul,7844,165,53746,2.1
10/18/2021,SC,São João Batista,5305,101,38583,1.9
10/18/2021,SC,São João do Itaperiú,710,13,3759,1.83
10/18/2021,SC,São João do Oeste,658,9,6402,1.37
10/18/2021,SC,São João do Sul,1076,17,7315,1.58
10/18/2021,SC,São Joaquim,3439,83,27139,2.41
10/18/2021,SC,São José,36078,606,250181,1.68
10/18/2021,SC,São José do Cedro,2051,26,13820,1.27
10/18/2021,SC,São José do Cerrito,755,14,8173,1.85
10/18/2021,SC,São Lourenço do Oeste,1902,66,24291,3.47
10/18/2021,SC,São Ludgero,3198,36,13650,1.13
10/18/2021,SC,São Martinho,797,15,3171,1.88
10/18/2021,SC,São Miguel da Boa Vista,281,8,1807,2.85
10/18/2021,SC,São Miguel do Oeste,7078,72,40868,1.02
10/18/2021,SC,São Pedro de Alcântara,769,12,5935,1.56
10/18/2021,SC,Saudades,1011,17,9810,1.68
10/18/2021,SC,Schroeder,3835,42,21991,1.1
10/18/2021,SC,Seara,3161,36,17576,1.14
10/18/2021,SC,Serra Alta,323,6,3256,1.86
10/18/2021,SC,Siderópolis,1411,50,14092,3.54
10/18/2021,SC,Sombrio,4027,82,30733,2.04
10/18/2021,SC,Sul Brasil,630,7,2423,1.11
10/18/2021,SC,Taió,2532,23,18486,0.91
10/18/2021,SC,Tangará,1452,34,8662,2.34
10/18/2021,SC,Tigrinhos,390,2,1619,0.51
10/18/2021,SC,Tijucas,7021,85,39155,1.21
10/18/2021,SC,Timbé do Sul,965,17,5343,1.76
10/18/2021,SC,Timbó,7700,92,44977,1.19
10/18/2021,SC,Timbó Grande,795,17,7941,2.14
10/18/2021,SC,Três Barras,2328,71,19366,3.05
10/18/2021,SC,Treviso,880,12,3966,1.36
10/18/2021,SC,Treze de Maio,1243,14,7093,1.13
10/18/2021,SC,Treze Tílias,1010,14,7991,1.39
10/18/2021,SC,Trombudo Central,1329,25,7434,1.88
10/18/2021,SC,Tubarão,21792,458,106422,2.1
10/18/2021,SC,Tunápolis,1204,10,4525,0.83
10/18/2021,SC,Turvo,2213,33,12990,1.49
10/18/2021,SC,União do Oeste,407,12,2412,2.95
10/18/2021,SC,Urubici,740,25,11273,3.38
10/18/2021,SC,Urupema,294,3,2459,1.02
10/18/2021,SC,Urussanga,4044,70,21344,1.73
10/18/2021,SC,Vargeão,366,7,3571,1.91
10/18/2021,SC,Vargem,535,4,2432,0.75
10/18/2021,SC,Vargem Bonita,803,8,4451,1
10/18/2021,SC,Vidal Ramos,723,12,6329,1.66
10/18/2021,SC,Videira,11560,124,53610,1.07
10/18/2021,SC,Vitor Meireles,569,11,4943,1.93
10/18/2021,SC,Witmarsum,424,5,3998,1.18
10/18/2021,SC,Xanxerê,10899,181,51642,1.66
10/18/2021,SC,Xavantina,448,5,3903,1.12
10/18/2021,SC,Xaxim,6113,116,28983,1.9
10/18/2021,SC,Zortéa,843,13,3398,1.54